id;name;description;start_date;end_date;type;status;is_active;created_by;created_at;updated_by;updated_at
1;Maine;open-source;2021-09-14;2021-09-13;SMS;Pending;true;Quality encoding payment;2021-09-14;solution-oriented Lock;2021-09-14
2;Books;Adaptive Metal Borders;2021-09-13;2021-09-14;Email;Pending;false;Rupiah Rupee Operations;2021-09-14;parse Chair;2021-09-13
3;Bacon hacking Avon;California Forward;2021-09-14;2021-09-14;SMS;Approved;false;monitor;2021-09-14;Lek Mexico;2021-09-14
4;1080p program;static connecting;2021-09-14;2021-09-14;SMS;Approved;false;Paradigm;2021-09-14;Movies Specialist;2021-09-14
5;Sports;Buckinghamshire Brand;2021-09-14;2021-09-14;SMS;Approved;true;Account;2021-09-14;Bedfordshire Chicken bypassing;2021-09-14
6;Coordinator Buckinghamshire Greenland;Steel District firewall;2021-09-13;2021-09-13;Email;Pending;false;Shoes generate Tools;2021-09-14;foreground International;2021-09-14
7;Personal 1080p;Fresh SQL Junction;2021-09-14;2021-09-13;Telecalling;Rejected;true;Mobility;2021-09-14;Cambridgeshire bandwidth Web;2021-09-14
8;actuating;Greece Intelligent sensor;2021-09-14;2021-09-14;Telecalling;Pending;false;Integrated withdrawal Practical;2021-09-14;ivory;2021-09-14
9;Direct Auto;models Mississippi;2021-09-14;2021-09-13;SMS;Approved;false;distributed Rubber Pizza;2021-09-13;Outdoors;2021-09-14
10;state Krone Account;UAE;2021-09-14;2021-09-14;Telecalling;Rejected;true;Money overriding transmitter;2021-09-13;Music Manager Account;2021-09-14
