id;name;email;phone;start_date;end_date;is_active;created_by;created_at;updated_by;updated_at
1;Pizza incentivize Keyboard;Elnora12@gmail.com;(251) 821-6433;2021-09-13;2021-09-14;false;Germany withdrawal Expanded;2021-09-13;Gorgeous Salad Dynamic;2021-09-14
2;invoice;Ebony_Mraz@hotmail.com;761-219-8017 x283;2021-09-14;2021-09-14;false;National;2021-09-13;Health;2021-09-13
3;Centralized North;Cody_Considine37@hotmail.com;(877) 416-7048;2021-09-14;2021-09-14;true;Washington;2021-09-14;Drive;2021-09-14
4;Lao;Gladyce_Howe97@yahoo.com;1-530-856-5344 x847;2021-09-14;2021-09-14;false;sexy;2021-09-14;payment;2021-09-14
5;Handmade Pants Computer;Ansel.Wolff31@hotmail.com;648-914-5176;2021-09-14;2021-09-14;false;bricks-and-clicks;2021-09-13;Metal panel;2021-09-13
6;Intranet Tasty driver;Zita37@hotmail.com;1-765-441-6238 x9941;2021-09-14;2021-09-14;true;collaborative Up-sized;2021-09-14;bandwidth Bridge methodical;2021-09-14
7;Program Wall Frozen;Chadrick46@yahoo.com;(222) 210-9428;2021-09-14;2021-09-14;true;Plastic;2021-09-14;Salad Tanzania Taiwan;2021-09-14
8;incubate Brand;Zora_Gislason@gmail.com;1-527-964-8878;2021-09-14;2021-09-14;false;Assistant quantify;2021-09-14;programming;2021-09-14
9;deposit Maryland;Kraig41@gmail.com;385.926.7019 x667;2021-09-14;2021-09-14;true;back-end well-modulated quantifying;2021-09-14;content Mouse;2021-09-14
10;Unbranded Handcrafted;Bette94@hotmail.com;(644) 257-0473 x70056;2021-09-14;2021-09-14;true;harness Open-architected;2021-09-13;Concrete Tasty solutions;2021-09-13
